review,sentiment,source,service,CompanyName,Location,DealOffered,NameOfReviewer,ReviewerReviewsHistory,DateOfReview,ZipCodeSearch,DateOfSearch
I can't say enough good things about this place. It's truley a gem in the IE. I did the floatation therapy and it was amazing. I absolutely loved it. I felt so fresh and renewed afterwards. I then grabbed a kale smoothie from their cafe and shipped in their crystals and reiki section. So happy that I found this place.,5,groupon,wellness,Feeling Groovy Wellness & Cafe,Claremont,One 60-Minute Float Tank Session,"

Melissa",4,10/24/2019,92879,10/31/2019
"Soooo gooood, go in without thoughts or expectations and enjoy it ",5,groupon,wellness,Feeling Groovy Wellness & Cafe,Claremont,One 60-Minute Float Tank Session,Andrew,1,10/21/2019,92879,10/31/2019
Love this place. The float is awesome and the foods are delicious. I wished it could be closer my area,5,groupon,wellness,Feeling Groovy Wellness & Cafe,Claremont,One 60-Minute Float Tank Session,Engeline,10,10/12/2019,92879,10/31/2019
"thr enviroment was so cool, everyone is nice m helpful, loved the little store.. But was expecting the Salt room to be better..",3,groupon,wellness,Feeling Groovy Wellness & Cafe,Claremont,One 60-Minute Float Tank Session,Terry,5,8/4/2019,92879,10/31/2019
"Amazing staff, food and place to hang out",5,groupon,wellness,Feeling Groovy Wellness & Cafe,Claremont,One 60-Minute Float Tank Session,Michelle,5,10/4/2019,92879,10/31/2019
It was great experience . The only thing is I recommend you bring headphones..it?s a little distracting that you hear everyone around,5,groupon,wellness,Feeling Groovy Wellness & Cafe,Claremont,One 60-Minute Float Tank Session,Denise,3,10/26/2019,92879,10/31/2019
What's special about a BLT? I don't know either but all I can say is there's something crazy special about theirs! Idon't know if it was the bread or the bacon or the avocado they put on there but all I know is that I immediately want to buy another.,5,groupon,wellness,Feeling Groovy Wellness & Cafe,Claremont,One 60-Minute Float Tank Session,Lee,6,9/12/2019,92879,10/31/2019
"Awesome staff, great services, delicious food. Salt room felt weird at first because the air is so ionized, but after 10 minutes in there, I started to feel relaxed, which got me ready for my massage. Alicia always knows how to get the kinks out. Just let her do her thing, she'll take care of you! Got my acai bowl on the way out. So great to have after a relaxing day, and in this heat!",5,groupon,wellness,Feeling Groovy Wellness & Cafe,Claremont,One 60-Minute Float Tank Session,Jade,30,9/7/2019,92879,10/31/2019
Wonderful experience. Michelle was terrific. Left feeling like melted butter. Highly recommend.,5,groupon,wellness,Feeling Groovy Wellness & Cafe,Claremont,One 60-Minute Float Tank Session,Maureen,7,8/7/2019,92879,10/31/2019
Uh-mazing!!!!! First time here. Been wanting to come. SO glad I did!!! I had a custom facial by Amy. Learned some new things about my skin. Eminence product was used in my face - which I was thrilled about because that?s what I use daily. I loved her knowledge on Eminence! I will def be back! If you?re contemplating going here... just do it!!! ,5,groupon,wellness,Feeling Groovy Wellness & Cafe,Claremont,One 60-Minute Float Tank Session,Stacy,5,7/27/2019,92879,10/31/2019
"It was a very soothing experience. The people who work there are so friendly and informative about all that they offer there. The healthy cafe food a absolutely amazing. We came from far away but it was truly worth going to , we will be back next month",5,groupon,wellness,Feeling Groovy Wellness & Cafe,Claremont,One 60-Minute Float Tank Session,"

Fourfish4u",3,7/21/2019,92879,10/31/2019
"Great massages and such a fun place. It has a cafe, yoga classes ($10 each if you drop in), waxing, teeth whitening, CBD and the list goes on. Perfect addition to Claremont!",5,groupon,wellness,Feeling Groovy Wellness & Cafe,Claremont,One 60-Minute Float Tank Session,Noreen,8,7/15/2019,92879,10/31/2019
Great place for well being care,4,groupon,wellness,Feeling Groovy Wellness & Cafe,Claremont,One 60-Minute Float Tank Session,Lisa,1,10/30/2019,92879,10/31/2019
"Live this place. Great massage, food, drink. ",4,groupon,wellness,Feeling Groovy Wellness & Cafe,Claremont,One 60-Minute Float Tank Session,Suzanne,2,10/30/2019,92879,10/31/2019
This was my first visit and it was a delight. My 90 min massage with Rose was just what I needed. Can't wait to return and book an infrared sauna before my massage . ,4,groupon,wellness,Feeling Groovy Wellness & Cafe,Claremont,One 60-Minute Float Tank Session,Jeffrey,15,10/30/2019,92879,10/31/2019
Wonderful to meet Kaika-Great practitioner and great treatment!,5,groupon,wellness,Feeling Groovy Wellness & Cafe,Claremont,One 60-Minute Float Tank Session,Elena,1,10/27/2019,92879,10/31/2019
Wow I didn't realize how much I would enjoy the salt room. Itr was so relaxing I'm going back next week. ,5,groupon,wellness,Feeling Groovy Wellness & Cafe,Claremont,One 60-Minute Float Tank Session,Eva,10,10/24/2019,92879,10/31/2019
Been going back every week since ,5,groupon,wellness,Feeling Groovy Wellness & Cafe,Claremont,One 60-Minute Float Tank Session,Michelle,2,10/24/2019,92879,10/31/2019
So amazing ! Rose was sweet and gave me the greatest massage ever. She really massaged the things I put on my paper. I will start going here from now on. Amazing and clean. Loved the deep tissue ! I fell in and out of sleep ?? because I was so relaxed! Thank you!,5,groupon,wellness,Feeling Groovy Wellness & Cafe,Claremont,One 60-Minute Float Tank Session,Kay,8,10/24/2019,92879,10/31/2019
Great massage ,5,groupon,wellness,Feeling Groovy Wellness & Cafe,Claremont,One 60-Minute Float Tank Session,Jim,3,10/22/2019,92879,10/31/2019
"Very nice salt room, my husband and I enjoy it very much We do plan to go again soon!!,????",5,groupon,wellness,Feeling Groovy Wellness & Cafe,Claremont,One 60-Minute Float Tank Session,Martha,1,10/21/2019,92879,10/31/2019
Great atmosphere to get a massage ! Brianna Was excellent Massage threapist. ,5,groupon,wellness,Feeling Groovy Wellness & Cafe,Claremont,One 60-Minute Float Tank Session,Patricia,2,10/21/2019,92879,10/31/2019
Absolutely amazing massage! Will keep coming back! ,5,groupon,wellness,Feeling Groovy Wellness & Cafe,Claremont,One 60-Minute Float Tank Session,Diana,14,10/21/2019,92879,10/31/2019
Awesome Experience will be back! ,5,groupon,wellness,Feeling Groovy Wellness & Cafe,Claremont,One 60-Minute Float Tank Session,Jennifer,17,10/21/2019,92879,10/31/2019
Amazing staff and food ,5,groupon,wellness,Feeling Groovy Wellness & Cafe,Claremont,One 60-Minute Float Tank Session,Michelle,2,10/21/2019,92879,10/31/2019
"What a cool place. Definently a one a kind atmosphere that's totally gro,ovy. ",5,groupon,wellness,Feeling Groovy Wellness & Cafe,Claremont,One 60-Minute Float Tank Session,Aimee,1,10/19/2019,92879,10/31/2019
"Best massage I?ve had. ive been bouncing around to different places, but this place was by far my favorite. I got the 1 hour ?get stoned Himalayan salt massage? Alisa was AMAZING. she put the perfect amount of pressure, and was consistent the whole time. I also got to my appointment early, so I was able to eat at the Cafe, I ordered the BLTA sandwich, and it was so tasty and fresh",5,groupon,wellness,Feeling Groovy Wellness & Cafe,Claremont,One 60-Minute Float Tank Session,Rheanna,1,10/18/2019,92879,10/31/2019
Great place! Alisa is fantastic! Got the 90 min Himalayan rock massage. The float pod was relaxing. My Mediterranean bowl way yummy. Employees were friendly. Great place. So glad I found it!!! ,5,groupon,wellness,Feeling Groovy Wellness & Cafe,Claremont,One 60-Minute Float Tank Session,Sandra,11,10/17/2019,92879,10/31/2019
Love the vibe here. Would definitely recommend a visit.,5,groupon,wellness,Feeling Groovy Wellness & Cafe,Claremont,One 60-Minute Float Tank Session,Laura,15,10/17/2019,92879,10/31/2019
Absolutely the best massage I have ever had. I highly recommend this spa. ,5,groupon,wellness,Feeling Groovy Wellness & Cafe,Claremont,One 60-Minute Float Tank Session,Mary,1,10/15/2019,92879,10/31/2019
"What a great massage. Got a 60 minute but will definitely purchase a 90 minute on my next visit. Really nice environment. Colorful, happy and healthy vibes and the cafe is great. Thank you ",5,groupon,wellness,Feeling Groovy Wellness & Cafe,Claremont,One 60-Minute Float Tank Session,Kendall,7,10/9/2019,92879,10/31/2019
"Best massage ever! Will definitely go back, everyone is so friendly and it?s also clean! ",5,groupon,wellness,Feeling Groovy Wellness & Cafe,Claremont,One 60-Minute Float Tank Session,Iris,5,10/9/2019,92879,10/31/2019
Very friendly staffs and clean place! 1 star knocked off for rescheduling me 2x but the services they offered kept them at a solid 4-star.,4,groupon,wellness,Feeling Groovy Wellness & Cafe,Claremont,One 60-Minute Float Tank Session,Amy,5,10/6/2019,92879,10/31/2019
I absolutely love this place. This is my fourth massage here. Alisa does an amazing job. All the staff is great and so friendly. The cafe has the best wraps and baked goods and I also love their gift shop ,5,groupon,wellness,Feeling Groovy Wellness & Cafe,Claremont,One 60-Minute Float Tank Session,Lisa,16,10/5/2019,92879,10/31/2019
"Staff are amazing Thoroughly enjoyed the float, felt so relaxed Will definitely return ",5,groupon,wellness,Feeling Groovy Wellness & Cafe,Claremont,One 60-Minute Float Tank Session,Karina,1,10/1/2019,92879,10/31/2019
AMAZING,5,groupon,wellness,Feeling Groovy Wellness & Cafe,Claremont,One 60-Minute Float Tank Session,Jen,6,9/28/2019,92879,10/31/2019
"I can honestly say, I?ve got the BEST massage of my life. I purchased ?Get Stoned Himalayan Salt Massage - 90 minutes? was luckily placed with Kaika and oh man, he exceeded my expectation 100%!!! I can?t wait to go again, he put me in total relaxation, and i came home to take the longest nap. I wish i could have just fallen asleep right after the massage to be honest. Looking forward to my visit! ",5,groupon,wellness,Feeling Groovy Wellness & Cafe,Claremont,One 60-Minute Float Tank Session,Adriana,9,9/26/2019,92879,10/31/2019
Fantastic place!! Definitely will be going back. ,5,groupon,wellness,Feeling Groovy Wellness & Cafe,Claremont,One 60-Minute Float Tank Session,Crystal,7,9/24/2019,92879,10/31/2019
"Excellent massage and great location with other amenities such as their salt room and cafe. Overall a great, relaxing, and regenerating experience. Thanks!",5,groupon,wellness,Feeling Groovy Wellness & Cafe,Claremont,One 60-Minute Float Tank Session,Albert,6,9/21/2019,92879,10/31/2019
Wonderful and relaxing massage by Alicia. She did an incredible job of not too little or too much pressure. I would highly recommend her to anyone wanted a great relaxing massage. Feeling groovy us a very cool spa and has juice drinks and a retail area with unique jewelry and gift items.,5,groupon,wellness,Feeling Groovy Wellness & Cafe,Claremont,One 60-Minute Float Tank Session,Barb,4,9/20/2019,92879,10/31/2019
 Tiny therapist ?ALISA? was amazing it?s been 3 days now and I still feel energetic and awesome. She really knows her stuff. I definitely will be going back!??????,5,groupon,wellness,Feeling Groovy Wellness & Cafe,Claremont,One 60-Minute Float Tank Session,Bianca,7,9/18/2019,92879,10/31/2019
Exceptional & groovy therapists! ,5,groupon,wellness,Feeling Groovy Wellness & Cafe,Claremont,One 60-Minute Float Tank Session,Patty,5,9/18/2019,92879,10/31/2019
GREAT EXPERIENCE ,5,groupon,wellness,Feeling Groovy Wellness & Cafe,Claremont,One 60-Minute Float Tank Session,Tiffany,6,9/14/2019,92879,10/31/2019
 Everyone was friendly and informative,5,groupon,wellness,Feeling Groovy Wellness & Cafe,Claremont,One 60-Minute Float Tank Session,Wendy,3,9/14/2019,92879,10/31/2019
Amazing services!!! ,5,groupon,wellness,Feeling Groovy Wellness & Cafe,Claremont,One 60-Minute Float Tank Session,Danielle,9,9/14/2019,92879,10/31/2019
OMG.... This place is amazing. If you need the best massage in your life get one from Kika. The food is amazing. Atmosphere is relaxing and everyone is so nice!! ,5,groupon,wellness,Feeling Groovy Wellness & Cafe,Claremont,One 60-Minute Float Tank Session,Tiffany,6,9/10/2019,92879,10/31/2019
Food was AMAZING. Served fresh!! I will definitely be back!! ,5,groupon,wellness,Feeling Groovy Wellness & Cafe,Claremont,One 60-Minute Float Tank Session,Danielle,9,9/9/2019,92879,10/31/2019
"Wonderful! Nice massage, nice staff, nice cafe :) will be back ! ",5,groupon,wellness,Feeling Groovy Wellness & Cafe,Claremont,One 60-Minute Float Tank Session,Jennifer,17,9/8/2019,92879,10/31/2019
I loved this place super cute and my massage was amazing definitely going back ,5,groupon,wellness,Feeling Groovy Wellness & Cafe,Claremont,One 60-Minute Float Tank Session,Tammy,1,9/8/2019,92879,10/31/2019
My wife and I have been to many massage places and this was by far the best experience we?ve had. Highly recommend it! ,5,groupon,wellness,Feeling Groovy Wellness & Cafe,Claremont,One 60-Minute Float Tank Session,Alberto,2,9/6/2019,92879,10/31/2019
Very relaxing ,5,groupon,wellness,Feeling Groovy Wellness & Cafe,Claremont,One 60-Minute Float Tank Session,Mary,1,9/4/2019,92879,10/31/2019
"Alicia gave a wonderful massage. The facility is great, bright and upbeat. There?s a lovely little caf� that offers healthy snacks and meals. I?ll be going back soon. ",5,groupon,wellness,Feeling Groovy Wellness & Cafe,Claremont,One 60-Minute Float Tank Session,Michele,21,9/2/2019,92879,10/31/2019
"Wow! so relaxing. I definitely recommend the stones, the heat was very helpful. This will definitely be my go to place for massage for now on. I really like the whole center. It seems like they have some pretty cool workshops and classes!",5,groupon,wellness,Feeling Groovy Wellness & Cafe,Claremont,One 60-Minute Float Tank Session,Leah,3,8/29/2019,92879,10/31/2019
Quality of ingredients and friendliness are top notch. Would prefer they use a bit less oil though in their zoodles. ,5,groupon,wellness,Feeling Groovy Wellness & Cafe,Claremont,One 60-Minute Float Tank Session,Donna,8,8/27/2019,92879,10/31/2019
Alisha i just the best! Very professional and great hands! Very caring and a clean and relaxing environment. ,5,groupon,wellness,Feeling Groovy Wellness & Cafe,Claremont,One 60-Minute Float Tank Session,Christine,3,8/21/2019,92879,10/31/2019
Very relaxing massage. Thank you ,5,groupon,wellness,Feeling Groovy Wellness & Cafe,Claremont,One 60-Minute Float Tank Session,Tonya,10,8/19/2019,92879,10/31/2019
Groovy defines this place perfectly! Great massage and the cafe out in front was an awesome surprise. ,5,groupon,wellness,Feeling Groovy Wellness & Cafe,Claremont,One 60-Minute Float Tank Session,Nicole,11,8/13/2019,92879,10/31/2019
Jacky was an excellent masseuse. I feel like a new person! ,5,groupon,wellness,Feeling Groovy Wellness & Cafe,Claremont,One 60-Minute Float Tank Session,Aisha,5,8/9/2019,92879,10/31/2019
Kaika was a wonderful massage therapist! I felt like jello and all my kinks were gone. I?ll be back! Thank you!!!!,5,groupon,wellness,Feeling Groovy Wellness & Cafe,Claremont,One 60-Minute Float Tank Session,Michi,1,8/8/2019,92879,10/31/2019
"Fantastic place. Great vibe and friendly staff. Kaika gave me the best massage! Thank you, Kaika! ",5,groupon,wellness,Feeling Groovy Wellness & Cafe,Claremont,One 60-Minute Float Tank Session,L.,3,8/4/2019,92879,10/31/2019
"The space is beautiful and funky, and Alisa (spelling may be incorrect) gave me the massage of a lifetime! ",5,groupon,wellness,Feeling Groovy Wellness & Cafe,Claremont,One 60-Minute Float Tank Session,Julie,2,7/29/2019,92879,10/31/2019
Alyssa gives the best massages!,5,groupon,wellness,Feeling Groovy Wellness & Cafe,Claremont,One 60-Minute Float Tank Session,Hideko,6,7/28/2019,92879,10/31/2019
It was amazing! They were super nice and the massage qas amazing,5,groupon,wellness,Feeling Groovy Wellness & Cafe,Claremont,One 60-Minute Float Tank Session,Amber,2,7/28/2019,92879,10/31/2019
The therapist was terrifice.,5,groupon,wellness,Feeling Groovy Wellness & Cafe,Claremont,One 60-Minute Float Tank Session,Roberta,5,7/25/2019,92879,10/31/2019
"Great experience, great massage. ",5,groupon,wellness,Feeling Groovy Wellness & Cafe,Claremont,One 60-Minute Float Tank Session,Crystal,1,7/22/2019,92879,10/31/2019
I was hoping for a relaxing experience to just de-stress and I got it. Felt so good afterward.,5,groupon,wellness,Feeling Groovy Wellness & Cafe,Claremont,One 60-Minute Float Tank Session,Jamie,11,7/17/2019,92879,10/31/2019
"Love it, sandwich and smoothie, yummy. ",5,groupon,wellness,Feeling Groovy Wellness & Cafe,Claremont,One 60-Minute Float Tank Session,Nadine,3,7/17/2019,92879,10/31/2019
Fantastic and healthy food!,4,groupon,wellness,Feeling Groovy Wellness & Cafe,Claremont,One 60-Minute Float Tank Session,Star,1,7/16/2019,92879,10/31/2019
"Great quality massage! Jackie was very knowledgeable and tackled all my problem areas, even the ones I didn?t realize were a problem! ",5,groupon,wellness,Feeling Groovy Wellness & Cafe,Claremont,One 60-Minute Float Tank Session,Liliana,1,7/12/2019,92879,10/31/2019
Love the atmosphere Kaika did an amazing job!! ,5,groupon,wellness,Feeling Groovy Wellness & Cafe,Claremont,One 60-Minute Float Tank Session,Karen,6,7/5/2019,92879,10/31/2019
Customer services wasn?t great ,2,groupon,wellness,Feeling Groovy Wellness & Cafe,Claremont,One 60-Minute Float Tank Session,Mohammad,2,8/8/2019,92879,10/31/2019
Omg it was great.i feel asleep..every should try it.?? ,5,groupon,wellness,Ceragem- Norco,Norco,One 54-Minute Chiropractic-Style Thermo-therapy Massage,Sarah,6,10/15/2019,92879,10/31/2019
A friend and I went to relax. it was wonderful the employee was very friendly. I am definitely going back,5,groupon,wellness,Ceragem- Norco,Norco,One 54-Minute Chiropractic-Style Thermo-therapy Massage,Regina,4,10/14/2019,92879,10/31/2019
"nice relaxing atmosphere, quiet and calming location, loved the stretch of the machines ",5,groupon,wellness,Ceragem- Norco,Norco,One 54-Minute Chiropractic-Style Thermo-therapy Massage,Carol,1,10/13/2019,92879,10/31/2019
Great place! ,5,groupon,wellness,Ceragem- Norco,Norco,One 54-Minute Chiropractic-Style Thermo-therapy Massage,Andrea,1,8/27/2019,92879,10/31/2019
I'm so happy we have a place here in town. Love it! ,5,groupon,wellness,Ceragem- Norco,Norco,One 54-Minute Chiropractic-Style Thermo-therapy Massage,Leila,5,8/27/2019,92879,10/31/2019
"This place is a Awesome! It's a little hard to find, it's a little back from the street when you go in the driveway. It's very relaxing and my back feels great. Will definitely go again.. Staff is very helpful and accommodating. ",5,groupon,wellness,Ceragem- Norco,Norco,One 54-Minute Chiropractic-Style Thermo-therapy Massage,Jenni ,5,8/20/2019,92879,10/31/2019
"I?ve used them twice and will continue to do so. The ladies are super nice. The experience is awesome, have to be there to explain it. ",5,groupon,wellness,Ceragem- Norco,Norco,One 54-Minute Chiropractic-Style Thermo-therapy Massage,Marina,4,8/18/2019,92879,10/31/2019
Great experience ,4,groupon,wellness,Ceragem- Norco,Norco,One 54-Minute Chiropractic-Style Thermo-therapy Massage,Kahwahn,1,7/17/2019,92879,10/31/2019
"The location wasn't what I expected, but the people were super nice. I've never used a ceragem bed before. This is the best my back has felt in YEARS!",5,groupon,wellness,Ceragem- Norco,Norco,One 54-Minute Chiropractic-Style Thermo-therapy Massage,Meredith,1,7/15/2019,92879,10/31/2019
"Just came back from a very relaxing session. It stretches your back , Grace is very informative and friendly . It?s in the back unit behind a Sheet Metal company so not A typical spa place but once you are inside - it?s quiet . This is great for people with gastro issues as well since it stretches the spine , it relaxes the abdominal muscles as well.",5,groupon,wellness,Ceragem- Norco,Norco,One 54-Minute Chiropractic-Style Thermo-therapy Massage,Tina,2,10/4/2019,92879,10/31/2019
 Love the ceragem bed it was amazing so relaxing and the lady was very sweet. As others had said it is a little interesting when you pull up not what you expect but quite a pleasant experience.,5,groupon,wellness,Ceragem- Norco,Norco,One 54-Minute Chiropractic-Style Thermo-therapy Massage,Betsy,5,9/30/2019,92879,10/31/2019
"The massage relax me a lot, I recommend it. ",4,groupon,wellness,Ceragem- Norco,Norco,One 54-Minute Chiropractic-Style Thermo-therapy Massage,Daysi,20,9/25/2019,92879,10/31/2019
Dont judge a book by its cover! The outside is a little scary but it was wonderful! ,5,groupon,wellness,Ceragem- Norco,Norco,One 54-Minute Chiropractic-Style Thermo-therapy Massage,Jaime,2,9/23/2019,92879,10/31/2019
The place it?s in a very weird location. Not very inviting.,4,groupon,wellness,Ceragem- Norco,Norco,One 54-Minute Chiropractic-Style Thermo-therapy Massage,Weshta,24,9/17/2019,92879,10/31/2019
Outstanding and very relaxing. You can't beat the price for the great results ,5,groupon,wellness,Ceragem- Norco,Norco,One 54-Minute Chiropractic-Style Thermo-therapy Massage,Kendall,7,9/13/2019,92879,10/31/2019
Very beneficial massage felt so much relief from tightness. Really worth trying. I will be returning,4,groupon,wellness,Ceragem- Norco,Norco,One 54-Minute Chiropractic-Style Thermo-therapy Massage,Rebecca,7,9/6/2019,92879,10/31/2019
"I felt amazing after and during I fell asleep like 5 times, the only thing was it was hot because there was no ac so don?t go on a hot day! But I was given it?s not very pretty outside but it wasn?t the point of me going my back feels good so I?m happy :) ",5,groupon,wellness,Ceragem- Norco,Norco,One 54-Minute Chiropractic-Style Thermo-therapy Massage,Nichole,2,9/6/2019,92879,10/31/2019
The massage experience is very good but the room can use some AC. ,4,groupon,wellness,Ceragem- Norco,Norco,One 54-Minute Chiropractic-Style Thermo-therapy Massage,Nathan,1,9/5/2019,92879,10/31/2019
This was very good for the price that was the longest 54 minutes my lower back felt so great ,5,groupon,wellness,Ceragem- Norco,Norco,One 54-Minute Chiropractic-Style Thermo-therapy Massage,Fran,2,8/31/2019,92879,10/31/2019
Great experience ,5,groupon,wellness,Ceragem- Norco,Norco,One 54-Minute Chiropractic-Style Thermo-therapy Massage,Anissa,2,8/28/2019,92879,10/31/2019
Wellness Center?s experience was nice. It?s clean and spacious. Alicia the staff was very welcoming. Briana the therapist was very knowledgeable and her treatment was great.,5,groupon,wellness,HL Harmony Wellness Center,Chino Hills,60-Minute Massage with Cupping,Nonnie,1,10/29/2019,92879,10/31/2019
"Massage was great, staff were amazing and the acupuncture was so effective in relieving my back pain! ",5,groupon,wellness,HL Harmony Wellness Center,Chino Hills,60-Minute Massage with Cupping,Michelle,5,10/9/2019,92879,10/31/2019
Tina was great and very kinda. This was my first acupressure massage. I totally needed it! ,5,groupon,wellness,HL Harmony Wellness Center,Chino Hills,60-Minute Massage with Cupping,Ronny,3,9/14/2019,92879,10/31/2019
 Beautiful environment and great staff!,5,groupon,wellness,HL Harmony Wellness Center,Chino Hills,60-Minute Massage with Cupping,April,1,8/1/2019,92879,10/31/2019
Very friendly and willing to listen to my needs. I tried acupuncture for the first time and was pleasantly surprised. The needles were virtually painless. I love the precision in which they were applied. I also tried acupressure. It helps relieve pain. I recommend it. ,5,groupon,wellness,HL Harmony Wellness Center,Chino Hills,60-Minute Massage with Cupping,Mike,1,2/16/2019,92879,10/31/2019
"Great place, excellent service, Tina was fantastic with combo massage and accupinture. Highly recommend!! ",5,groupon,wellness,HL Harmony Wellness Center,Chino Hills,60-Minute Massage with Cupping,John,3,5/24/2019,92879,10/31/2019
My acupuncture session was great! I look forward to having more. ,5,groupon,wellness,HL Harmony Wellness Center,Chino Hills,60-Minute Massage with Cupping,Delanna,2,10/19/2019,92879,10/31/2019
Friendly staff and aesthetic place. I loved everything but felt as if my nails have looked better but nonetheless great service :),4,groupon,wellness,HL Harmony Wellness Center,Chino Hills,60-Minute Massage with Cupping,Prabhjot,7,10/18/2019,92879,10/31/2019
 Tina is an amazing massage therapist ?,5,groupon,wellness,HL Harmony Wellness Center,Chino Hills,60-Minute Massage with Cupping,Cyndi,3,9/12/2019,92879,10/31/2019
Truong is a very good acupuncturist.,5,groupon,wellness,HL Harmony Wellness Center,Chino Hills,60-Minute Massage with Cupping,Ken,1,9/1/2019,92879,10/31/2019
I got the acupuncture! It was my first time trying it-the girl that handles the acupuncture was very friendly and made me feel comfortable. She was professional and knew what she was doing. Was a good experience! ,5,groupon,wellness,HL Harmony Wellness Center,Chino Hills,60-Minute Massage with Cupping,Yvette,4,9/1/2019,92879,10/31/2019
"Very good, nice to see Tina, she is profesional and helps to my pains , thank you Tina ",5,groupon,wellness,HL Harmony Wellness Center,Chino Hills,60-Minute Massage with Cupping,Perla,6,8/24/2019,92879,10/31/2019
"What a great hydrafacial I had. The face looked smooth, bright ad very glowy. Thank you very much for the wonderful day in the spa!! ",5,groupon,wellness,HL Harmony Wellness Center,Chino Hills,60-Minute Massage with Cupping,Tanya,1,7/25/2019,92879,10/31/2019
"Tina, was great. She made sure everything, she did I was comfortable with. Would highly RECOMMEND to everyone. well worth it!! ",5,groupon,wellness,HL Harmony Wellness Center,Chino Hills,60-Minute Massage with Cupping,Anissa,2,7/24/2019,92879,10/31/2019
"I had a great experience. The acupuncturist is very skilled and caring. Front desk ladies are all very polite. Overall very relaxing, quiet and clean facility. ",5,groupon,wellness,HL Harmony Wellness Center,Chino Hills,60-Minute Massage with Cupping,Isamar,1,7/19/2019,92879,10/31/2019
 The acupuncture was great!,5,groupon,wellness,HL Harmony Wellness Center,Chino Hills,60-Minute Massage with Cupping,Deborah,3,5/24/2019,92879,10/31/2019
Tina was very knowledgeable. So kind and polite. I can?t wait for my next session :) ,5,groupon,wellness,HL Harmony Wellness Center,Chino Hills,60-Minute Massage with Cupping,Stefanny,2,5/23/2019,92879,10/31/2019
"Fantastic service and Tina ,will comeback soon.",5,groupon,wellness,HL Harmony Wellness Center,Chino Hills,60-Minute Massage with Cupping,Bob,1,3/28/2019,92879,10/31/2019
Very professional staff and a clean friendly environment! ,5,groupon,wellness,HL Harmony Wellness Center,Chino Hills,60-Minute Massage with Cupping,Jeannette,1,3/25/2019,92879,10/31/2019
Great service. Tina did an awesome job.,5,groupon,wellness,HL Harmony Wellness Center,Chino Hills,60-Minute Massage with Cupping,Vanessa,2,3/21/2019,92879,10/31/2019
"the girl doing my nails din't have any experience, I tell in the way she holds the fiel and she keep asking is these ok. then I left with some plastic glovesin my hands she say it was a tredmen and to keep them on for about 30min. so I got home and take them off and the color change so now my nails look 2 colors, dark and light in the same nail plus they not smood they boompy not smood. I went back and they were close alredy at 5:15pm doors were close and lights off. ",1,groupon,wellness,HL Harmony Wellness Center,Chino Hills,60-Minute Massage with Cupping,Esperanza,14,9/5/2019,92879,10/31/2019
Nice service and clean environment. Highly recommended ,5,groupon,wellness,HL Harmony Wellness Center,Chino Hills,60-Minute Massage with Cupping,Yan,2,12/14/2018,92879,10/31/2019
"Peaceful atmosphere and very calming from the outside world. The staff is very kind, professional and helpful with everything! It?s definitely an experience to go and get a lot of amazing products and the massages are Amazing! ",5,groupon,wellness,Hylunia Wellness MD Spa,Costa Mesa,Chronic Pain Relief Custom Massage With Organic CBD Oil,Maria,1,10/18/2019,92879,10/31/2019
"Amazing spa with wonderful staff. The most relaxing place in Orange County that focuses on the mind, body, and spirit. Not sure why my previous review came back as 1 star. It most definitely should have been 5 stars. ",5,groupon,wellness,Hylunia Wellness MD Spa,Costa Mesa,Chronic Pain Relief Custom Massage With Organic CBD Oil,Tina,1,8/11/2019,92879,10/31/2019
Large clean facility. Perfect for the yoga buff who just wants to relax after class. Excellent 75 minute massage with exotic oils and music. ,5,groupon,wellness,Hylunia Wellness MD Spa,Costa Mesa,Chronic Pain Relief Custom Massage With Organic CBD Oil,Linda,15,8/11/2019,92879,10/31/2019
Absolutely wonderful experience! Adriana was incredible and very knowledgeable. I felt fantastic when I left and still feel fantastic today! My entire family will now be getting their massages at Hylunia Wellness MD Spa!!,5,groupon,wellness,Hylunia Wellness MD Spa,Costa Mesa,Chronic Pain Relief Custom Massage With Organic CBD Oil,KIM,4,8/29/2019,92879,10/31/2019
Great experience overall. Really liked Heather. She hit all the spots I complained about and I actually felt better after she was done. Would definitely use Hylunia Spa again. ,5,groupon,wellness,Hylunia Wellness MD Spa,Costa Mesa,Chronic Pain Relief Custom Massage With Organic CBD Oil,Mani,1,8/14/2019,92879,10/31/2019
Best massage I have ever had ! Regina was spectacular! ,5,groupon,wellness,Hylunia Wellness MD Spa,Costa Mesa,Chronic Pain Relief Custom Massage With Organic CBD Oil,Diana,1,9/26/2019,92879,10/31/2019
 The best spa in OC!,5,groupon,wellness,Hylunia Wellness MD Spa,Costa Mesa,Chronic Pain Relief Custom Massage With Organic CBD Oil,Hope,3,10/6/2019,92879,10/31/2019
"Love the atmosphere of Hylunia and Trish is the best! Would recommend it to anyone who is seeking a relaxing, tranquil get away. Be sure to go early and take advantage of the relaxation room or stay after. It?s one of my favorite places in Cali. ",5,groupon,wellness,Hylunia Wellness MD Spa,Costa Mesa,Chronic Pain Relief Custom Massage With Organic CBD Oil,Tammy,7,9/5/2019,92879,10/31/2019
Adrianna my therapists of Hylunia Wellness MD Spa gave me one of the best experiences ever. She is excellent. It was a birthday treat from my parents that I thoroughly enjoyed. Arianna refreshed and totally rejuvenated me especially after my long hours of travel to California. ,4,groupon,wellness,Hylunia Wellness MD Spa,Costa Mesa,Chronic Pain Relief Custom Massage With Organic CBD Oil,Rochelle,2,8/28/2019,92879,10/31/2019
Amazing !!!!!! Trish the massage therapist is amazing I recommend her.... ,5,groupon,wellness,Hylunia Wellness MD Spa,Costa Mesa,Chronic Pain Relief Custom Massage With Organic CBD Oil,Maha,2,7/25/2019,92879,10/31/2019
The best massage experience. Adriana is amazing.,5,groupon,wellness,Hylunia Wellness MD Spa,Costa Mesa,Chronic Pain Relief Custom Massage With Organic CBD Oil,Virginia,8,7/23/2019,92879,10/31/2019
Excellent service by both land experience. ,5,groupon,wellness,Hylunia Wellness MD Spa,Costa Mesa,Chronic Pain Relief Custom Massage With Organic CBD Oil,Mattie,9,6/9/2019,92879,10/31/2019
"Beautiful setting, excellent massage.",5,groupon,wellness,Hylunia Wellness MD Spa,Costa Mesa,Chronic Pain Relief Custom Massage With Organic CBD Oil,Ali,1,6/6/2019,92879,10/31/2019
Great little getaway for a couples massage ?? ,5,groupon,wellness,Hylunia Wellness MD Spa,Costa Mesa,Chronic Pain Relief Custom Massage With Organic CBD Oil,Loana,2,4/9/2019,92879,10/31/2019
"The ladies were very nice. Very nice ambiance. I debated giving a 3 or 4 because I was told to arrive 15 min before my service, but I think they should have told me 30 or 20 because We didn?t have enough time for the meditation experience which one of the ladies said she would give us after the massage, and she didn?t. They give a complimentary one week yoga pass. ",4,groupon,wellness,Hylunia Wellness MD Spa,Costa Mesa,Chronic Pain Relief Custom Massage With Organic CBD Oil,Loren,9,4/1/2019,92879,10/31/2019
"There are the businesses that treat all equally, and then there are those who seem to treat you different if you use a Groupon-this is the case for Hylunia Wellness. Not a wise business move. There are many clients like me who use Groupon to ""try"" a new business with low risk, but then become lifelong (well tipping) loyal clients. I won't be returning to this place because i was treated poorly. ",1,groupon,wellness,Hylunia Wellness MD Spa,Costa Mesa,Chronic Pain Relief Custom Massage With Organic CBD Oil,Jason,4,12/9/2018,92879,10/31/2019
I did not know this place existed! Wish I would've known this place sooner. Great customer service . Love the ambience and overall had a great experience. My boyfriend and I had the couples massage with chocolate and champagne. The VR experience pre-massage was relaxing too. The place was definitely clean . I would definitely come back . ,5,groupon,wellness,Hylunia Wellness MD Spa,Costa Mesa,Chronic Pain Relief Custom Massage With Organic CBD Oil,April,2,1/7/2019,92879,10/31/2019
"This was such a relaxing experience. I felt very pampered by Emma! I liked that the products are all natural and that she took time to apply everything with care, and paid attention to what i specifically needed. The guided meditation and all the extra luxuries they provide are also a nice touch. ",5,groupon,wellness,Hylunia Wellness MD Spa,Costa Mesa,Chronic Pain Relief Custom Massage With Organic CBD Oil,Caren,2,10/30/2019,92879,10/31/2019
"I Love this Wellness Spa, the massage and facials are so therapeutic. ",5,groupon,wellness,Hylunia Wellness MD Spa,Costa Mesa,Chronic Pain Relief Custom Massage With Organic CBD Oil,Mary,31,10/27/2019,92879,10/31/2019
"Beautiful facility. Very relaxing facial w Emma! I love that the products are vegan, cruelty free, and gluten free! Definitely going back. ?? ",5,groupon,wellness,Hylunia Wellness MD Spa,Costa Mesa,Chronic Pain Relief Custom Massage With Organic CBD Oil,Mayte,5,10/17/2019,92879,10/31/2019
The staff was very friendly! I had the best experience. The massage and facial were great! ,5,groupon,wellness,Hylunia Wellness MD Spa,Costa Mesa,Chronic Pain Relief Custom Massage With Organic CBD Oil,Michelle,1,10/6/2019,92879,10/31/2019
"I had bad back pain, the therapist worked all my pain out! The best hidden secret in the OC! ",5,groupon,wellness,Hylunia Wellness MD Spa,Costa Mesa,Chronic Pain Relief Custom Massage With Organic CBD Oil,Hope,3,10/6/2019,92879,10/31/2019
"After driving by Hylunia every day and debating if I should try it out, I finally decided to get my fianc� a total relaxation massage as a little birthday gift. Overall, he said that the massage (by Madison) was better than he had expected and that she went pretty deep into his muscles. Not sure if we can buy 2 individual groupons for a ""couples massage"", but he said he wants to take me here next time! Only complaints would be that the massage was supposed to come with ",4,groupon,wellness,Hylunia Wellness MD Spa,Costa Mesa,Chronic Pain Relief Custom Massage With Organic CBD Oil,Eunice,2,9/22/2019,92879,10/31/2019
I came here with my sister for a spa day. All of the staff were absolutely delightful from the front desk staff to my massuese Madison and aesthetician Emma for my facial. Very beautiful and serene setting. We had such a wonderful relaxing visit and will definitely be going back in the future. ,5,groupon,wellness,Hylunia Wellness MD Spa,Costa Mesa,Chronic Pain Relief Custom Massage With Organic CBD Oil,Barbara,1,9/10/2019,92879,10/31/2019
My sister and I chose this place as a middle point to have fun together. My facial therapist Chrystal was gentle and very thoughtful. The GM was product knowledgeable and honest. My sister who frequents day spas and had a massage and facial said this is the best she's experienced. We are going to try to meet up here every year. ,5,groupon,wellness,Hylunia Wellness MD Spa,Costa Mesa,Chronic Pain Relief Custom Massage With Organic CBD Oil,Jocelyn,1,9/10/2019,92879,10/31/2019
"Wonderful! So peaceful, I will return ?? ",5,groupon,wellness,Hylunia Wellness MD Spa,Costa Mesa,Chronic Pain Relief Custom Massage With Organic CBD Oil,Jennifer,1,8/4/2019,92879,10/31/2019
Love this spa! Highly recommend this Groupon. ,5,groupon,wellness,Hylunia Wellness MD Spa,Costa Mesa,Chronic Pain Relief Custom Massage With Organic CBD Oil,Arminda,1,8/4/2019,92879,10/31/2019
Emma did an amazing job on my facial. Adriana made me realize I need regular massages in my life again! Entire staff is dedicated and caring. Facility is immaculate. Serene rooms and atmosphere is zen. joyful introspective all at once,5,groupon,wellness,Hylunia Wellness MD Spa,Costa Mesa,Chronic Pain Relief Custom Massage With Organic CBD Oil,Victoria,2,8/3/2019,92879,10/31/2019
Fantastic Massage! I will definitely be returning! I?d like to try to come once a month for treatment! ,5,groupon,wellness,Hylunia Wellness MD Spa,Costa Mesa,Chronic Pain Relief Custom Massage With Organic CBD Oil,Mary,31,7/14/2019,92879,10/31/2019
"This was my second visit. My masseuse Heather, excellent! She made suggestions and listened to my needs. Can?t wait till my next trip.",5,groupon,wellness,Hylunia Wellness MD Spa,Costa Mesa,Chronic Pain Relief Custom Massage With Organic CBD Oil,Jeanette,1,6/14/2019,92879,10/31/2019
Amazing! ,5,groupon,wellness,Hylunia Wellness MD Spa,Costa Mesa,Chronic Pain Relief Custom Massage With Organic CBD Oil,Daniel,2,6/7/2019,92879,10/31/2019
Best EVER!!!! ,5,groupon,wellness,Hylunia Wellness MD Spa,Costa Mesa,Chronic Pain Relief Custom Massage With Organic CBD Oil,Daniel,2,6/2/2019,92879,10/31/2019
Heather was excellent- knowledgeable and professional! Will be back- love the virtual reality relaxation session! ,5,groupon,wellness,Hylunia Wellness MD Spa,Costa Mesa,Chronic Pain Relief Custom Massage With Organic CBD Oil,Kelly,15,6/2/2019,92879,10/31/2019
Excellent service.. nice products!! ,5,groupon,wellness,Hylunia Wellness MD Spa,Costa Mesa,Chronic Pain Relief Custom Massage With Organic CBD Oil,Alex,2,5/26/2019,92879,10/31/2019
 Great staff. Great service,5,groupon,wellness,Hylunia Wellness MD Spa,Costa Mesa,Chronic Pain Relief Custom Massage With Organic CBD Oil,Michaelyn,1,5/20/2019,92879,10/31/2019
"As a Mother?s Day present I booked a couples massage w/ champagne and chocolates today. Personally this was only my second massage ever. But this place, Hylunia, was great. It was very calming, quiet and clean. The staff was very friendly. Heather was great. She worked on me and got some good knots out. My wife had Katz, I hope that?s correct. She was very good as well. I would recommend it here.",5,groupon,wellness,Hylunia Wellness MD Spa,Costa Mesa,Chronic Pain Relief Custom Massage With Organic CBD Oil,Steven,1,5/18/2019,92879,10/31/2019
"Absolutely amazing experience, Trish was awesome!!! Will definitely be returning again. Thank you!",5,groupon,wellness,Hylunia Wellness MD Spa,Costa Mesa,Chronic Pain Relief Custom Massage With Organic CBD Oil,Kristina,5,5/15/2019,92879,10/31/2019
Lovely place and great service! I felt refreshed and relaxed! Would love to try the full body massage next time! ,5,groupon,wellness,Hylunia Wellness MD Spa,Costa Mesa,Chronic Pain Relief Custom Massage With Organic CBD Oil,Camily,1,5/14/2019,92879,10/31/2019
Kat was amazing and made me feel like a queen! ,5,groupon,wellness,Hylunia Wellness MD Spa,Costa Mesa,Chronic Pain Relief Custom Massage With Organic CBD Oil,Kathleen,1,5/9/2019,92879,10/31/2019
Best spa ever.. Highly recommend!! Must try. ,5,groupon,wellness,Hylunia Wellness MD Spa,Costa Mesa,Chronic Pain Relief Custom Massage With Organic CBD Oil,Marisa,13,5/5/2019,92879,10/31/2019
Had a wonderful relaxing experience for a girls weekend trip. We did the total relaxation massage and ultimate cellular iconic detox. The spa has a peaceful Zen ambiance and the staff is friendly and attentive. ,5,groupon,wellness,Hylunia Wellness MD Spa,Costa Mesa,Chronic Pain Relief Custom Massage With Organic CBD Oil,LA,1,5/5/2019,92879,10/31/2019
Beautiful place! Relaxing experience. Awesome staff. My party and I had a wonderful time. ,5,groupon,wellness,Hylunia Wellness MD Spa,Costa Mesa,Chronic Pain Relief Custom Massage With Organic CBD Oil,Mikesha,2,4/21/2019,92879,10/31/2019
Excellent!!!,5,groupon,wellness,Hylunia Wellness MD Spa,Costa Mesa,Chronic Pain Relief Custom Massage With Organic CBD Oil,Melanie,1,4/17/2019,92879,10/31/2019
"So relaxing, loved the essential oils and the whole experience!",5,groupon,wellness,Hylunia Wellness MD Spa,Costa Mesa,Chronic Pain Relief Custom Massage With Organic CBD Oil,Reema,1,4/14/2019,92879,10/31/2019
Was amazing! Go see Dee! ,5,groupon,wellness,Hylunia Wellness MD Spa,Costa Mesa,Chronic Pain Relief Custom Massage With Organic CBD Oil,Jessica,1,4/11/2019,92879,10/31/2019
Loved the whole experience. The therapists were amazing.,5,groupon,wellness,Hylunia Wellness MD Spa,Costa Mesa,Chronic Pain Relief Custom Massage With Organic CBD Oil,Mishel,2,5/5/2019,92879,10/31/2019
"Had an amazing massage and experience, highly recommend! Very relaxing atmosphere and they treated me amazing ",5,groupon,wellness,Hylunia Wellness MD Spa,Costa Mesa,Chronic Pain Relief Custom Massage With Organic CBD Oil,Jordan,2,4/3/2019,92879,10/31/2019
"This spa is so amazing! Literally a hidden gem. Everything is so clean & everyone is beyond professional. Total spa experience in one convenient location. Locker rooms with key to store valuables, robes & slippers provided. 60 minutes of pure heaven! Full body massage. Essential oils, hot towels & relaxing music. Don't pass this place! ",5,groupon,wellness,Hylunia Wellness MD Spa,Costa Mesa,Chronic Pain Relief Custom Massage With Organic CBD Oil,Leonore,9,4/1/2019,92879,10/31/2019
Dee is amazing ,5,groupon,wellness,Hylunia Wellness MD Spa,Costa Mesa,Chronic Pain Relief Custom Massage With Organic CBD Oil,Ali,1,3/25/2019,92879,10/31/2019
My expectation did not meet . I feel like i wasted my time and money . The location and the place is not conducive for relaxing.I would not even recommend this to anybody !! ,2,groupon,wellness,Serenity Jean,Rancho Cucamonga,90-Minute Massage and Face and Body Spa Therapy,Shelley,1,6/5/2018,92879,10/31/2019
"About the facial, it was good but I didn?t get the hydrating mud mask, so if you buy the 90 minute package you may want to mention the mask up front. I was disappointed, but since the massage was so good I got over it.",4,groupon,wellness,Serenity Jean,Rancho Cucamonga,90-Minute Massage and Face and Body Spa Therapy,Maria,3,7/4/2019,92879,10/31/2019
"Amy was amazing! I have a very stressful job and I wanted to relax and treat myself. This was the best massage and facial. If you are wondering if it is worth it, it is! I?m sure I fell asleep a few times ?? I would buy again and I would go again without a Groupon! ",5,groupon,wellness,Serenity Jean,Rancho Cucamonga,90-Minute Massage and Face and Body Spa Therapy,Elizabeth,3,5/18/2019,92879,10/31/2019
"The therapist Amy was amazing and knowledgeable, my muscles were tight from a knee injury and walked out relaxed with more movement in my leg. I enjoyed the full body massage and was de-stressed and ready for a nap ??. My only complaint; was the conversation next door and spa music was playing during my massage, however, the conversation was louder. I will highly recommend the massage ???????.",5,groupon,wellness,Serenity Jean,Rancho Cucamonga,90-Minute Massage and Face and Body Spa Therapy,Donna,4,3/3/2019,92879,10/31/2019
Superficial massage and facial ,3,groupon,wellness,Serenity Jean,Rancho Cucamonga,90-Minute Massage and Face and Body Spa Therapy,Maribelle,2,10/30/2019,92879,10/31/2019
Great experience.. will return again ,5,groupon,wellness,Serenity Jean,Rancho Cucamonga,90-Minute Massage and Face and Body Spa Therapy,Jennifer,1,10/26/2019,92879,10/31/2019
"Thank you, Christine for making my Mother?s Day weekend lighter. Will definitely refer serenity to my friends and family. I enjoy the massage very much, so relaxing. ",5,groupon,wellness,Serenity Jean,Rancho Cucamonga,90-Minute Massage and Face and Body Spa Therapy,Tanty,11,5/11/2019,92879,10/31/2019
Christina was amazing. She talked me through the processes that needed a description and allowed each to be silent the rest of the time. I?d highly recommend! And plan to be back myself. Thank you ??. ,5,groupon,wellness,Serenity Jean,Rancho Cucamonga,90-Minute Massage and Face and Body Spa Therapy,Maria,7,5/29/2019,92879,10/31/2019
"Christina was very good with massage, very knowledgeable, nice and right on finding the spots I needed work on. ",5,groupon,wellness,Serenity Jean,Rancho Cucamonga,90-Minute Massage and Face and Body Spa Therapy,LidiaLau,1,5/18/2019,92879,10/31/2019
Everyone was so nice i got the spa for my mother and they really took the time to get to know her she left feeling relaxed and rejuvenated will definitely be back ,5,groupon,wellness,Serenity Jean,Rancho Cucamonga,90-Minute Massage and Face and Body Spa Therapy,Adrienne,2,5/15/2019,92879,10/31/2019
 Excellent and relaxing massage!,5,groupon,wellness,Serenity Jean,Rancho Cucamonga,90-Minute Massage and Face and Body Spa Therapy,John,1,5/6/2019,92879,10/31/2019
My first time at the establishment. I must say Christina was absolutely amazing she took care of me she asked me question. All I was looking for was to relax and I definitely relax. I would come back again ,5,groupon,wellness,Serenity Jean,Rancho Cucamonga,90-Minute Massage and Face and Body Spa Therapy,Shari,2,4/28/2019,92879,10/31/2019
This may have been the best Valentine?s Day gift I?ve ever purchased. ,5,groupon,wellness,Serenity Jean,Rancho Cucamonga,90-Minute Massage and Face and Body Spa Therapy,Hasan,1,4/4/2019,92879,10/31/2019
Christina was very informative. The massage was heavenly. Would definitely go back ,5,groupon,wellness,Serenity Jean,Rancho Cucamonga,90-Minute Massage and Face and Body Spa Therapy,Denny,3,3/16/2019,92879,10/31/2019
 Amy was amazing !! She was kind and easy going . She explained the process . She made me feel comfortable..,5,groupon,wellness,Serenity Jean,Rancho Cucamonga,90-Minute Massage and Face and Body Spa Therapy,Cynthia,1,3/3/2019,92879,10/31/2019
"Amy is awesome! It was one of the best massages I?ve had, she really took the time to tailor to my aches and pains. I already booked my next visit! ",5,groupon,wellness,Serenity Jean,Rancho Cucamonga,90-Minute Massage and Face and Body Spa Therapy,Katie,3,2/24/2019,92879,10/31/2019
"Christina was very nice! I spent 2 of the best hours I have experienced in a long time. I left feeling rejuvenated, fresh and break new. Her massage technique is very relaxing!! I will be back! ",4,groupon,wellness,Serenity Jean,Rancho Cucamonga,90-Minute Massage and Face and Body Spa Therapy,Traci,9,2/14/2019,92879,10/31/2019
They was a $30 additional charge that was mentioned after the service for prenatal massage. The body wrap essentially was just the use of a blanket. Overall the massage was not therapeutic more for relax only. Very little pressure used it actually made my back pain worse ?? ,1,groupon,wellness,Serenity Jean,Rancho Cucamonga,90-Minute Massage and Face and Body Spa Therapy,Brittanee,1,10/17/2019,92879,10/31/2019
Excellent.,5,groupon,wellness,Serenity Jean,Rancho Cucamonga,90-Minute Massage and Face and Body Spa Therapy,Amber,1,11/28/2018,92879,10/31/2019
Great atmosphere and the masseuse is very knowledgeable and personable . I'll be there again next week with two friends. ,5,groupon,wellness,Serenity Jean,Rancho Cucamonga,90-Minute Massage and Face and Body Spa Therapy,Silvia,4,8/29/2014,92879,10/31/2019
It took several attempts to reach them by phone or have them call me back to schedule an appointment which was a major turnoff,3,groupon,wellness,Serenity Jean,Rancho Cucamonga,90-Minute Massage and Face and Body Spa Therapy,Adrienne,1,7/14/2018,92879,10/31/2019
Amy was so knowledgeable. She walked me through the process and asked me if there were any areas of concern on my body. I've already booked my next appointment!! ,5,groupon,wellness,Serenity Jean,Rancho Cucamonga,90-Minute Massage and Face and Body Spa Therapy,Lilliana,1,7/27/2017,92879,10/31/2019
Excellent facial and massage. I felt like every element was tailored to my needs and desires. Not just a cookie cutter everyone gets the same experience. I have an appointment to go back again,5,groupon,wellness,Serenity Jean,Rancho Cucamonga,90-Minute Massage and Face and Body Spa Therapy,Judy,10,11/3/2018,92879,10/31/2019
 My wife loved it so much she has made an appointment to go back!,5,groupon,wellness,Serenity Jean,Rancho Cucamonga,90-Minute Massage and Face and Body Spa Therapy,Kennard,1,8/23/2018,92879,10/31/2019
"I took my hubby for his father?s day gift , the place is not as clean as it should be it needs more presentation on front desk, because it doesn?t seem like it is a place to do massage. Now the massage he got from Christina was professional , no complaints on that part. ",3,groupon,wellness,Serenity Jean,Rancho Cucamonga,90-Minute Massage and Face and Body Spa Therapy,Juanita,5,6/28/2018,92879,10/31/2019
We had a party of 14 people. It was such a good time! ,4,groupon,wellness,Serenity Jean,Rancho Cucamonga,90-Minute Massage and Face and Body Spa Therapy,Valerie,1,1/25/2018,92879,10/31/2019
Amy was incredible not only did she run out all the knots but she gave me some great advice for continuing to care for myself. ,5,groupon,wellness,Serenity Jean,Rancho Cucamonga,90-Minute Massage and Face and Body Spa Therapy,Brandy,2,12/19/2017,92879,10/31/2019
The massage therapists were so friendly and informative. I left there so relaxed and feeling like jell-o. I would definitely go back! ,5,groupon,wellness,Serenity Jean,Rancho Cucamonga,90-Minute Massage and Face and Body Spa Therapy,Nicole,1,12/13/2017,92879,10/31/2019
Amy was very knowledgeable. I would definitely recommend her ,5,groupon,wellness,Serenity Jean,Rancho Cucamonga,90-Minute Massage and Face and Body Spa Therapy,Jessica,2,9/2/2014,92879,10/31/2019
Great value. I'll definitely be back :) ,5,groupon,wellness,Serenity Jean,Rancho Cucamonga,90-Minute Massage and Face and Body Spa Therapy,Raquel,1,8/13/2014,92879,10/31/2019
"Fall in SoCal can?t be sweeter, specially if you treat yourself to a Spa day here. Friendly and professional staff from the receptionist to the masseuses. Angelica, took care of all in between accommodations and needs.",4,groupon,wellness,Agua Serena Spa,Indian Wells,One 50-Minute Custom Massage and Float Pod Session for One Person; Valid Sunday?Friday,JJ,1,10/29/2019,92879,10/31/2019
Wonderful experience customer service was excellent ,5,groupon,wellness,Agua Serena Spa,Indian Wells,One 50-Minute Custom Massage and Float Pod Session for One Person; Valid Sunday?Friday,Angela,8,10/28/2019,92879,10/31/2019
great experience,5,groupon,wellness,Agua Serena Spa,Indian Wells,One 50-Minute Custom Massage and Float Pod Session for One Person; Valid Sunday?Friday,Patricia,4,10/20/2019,92879,10/31/2019
"Great masseuses, and clean facilities.",5,groupon,wellness,Agua Serena Spa,Indian Wells,One 50-Minute Custom Massage and Float Pod Session for One Person; Valid Sunday?Friday,Angela,3,6/6/2018,92879,10/31/2019
he service was great. The staff was friendly and caring. My massage was incredible! I would visit again. ,5,groupon,wellness,Agua Serena Spa,Indian Wells,One 50-Minute Custom Massage and Float Pod Session for One Person; Valid Sunday?Friday,Amy,1,6/5/2018,92879,10/31/2019
I have always had a wonderful experience at this spa! The services are fantastic and the amenities are beautiful! I highly recommend Agua Serena Spa.,5,groupon,wellness,Agua Serena Spa,Indian Wells,One 50-Minute Custom Massage and Float Pod Session for One Person; Valid Sunday?Friday,Maureen,1,10/21/2019,92879,10/31/2019
" I don?t even know where to start! Upon arrival, we were greeted by the loveliest staff. The spa is absolutely beautiful & spotless. The massages were amazing, the best one I?ve had! After our massages, we hung out by the fountain for a bit then went over to the hotel pool for the rest of the day which is also great. Amazing service & worth every dollar!",5,groupon,wellness,Agua Serena Spa,Indian Wells,One 50-Minute Custom Massage and Float Pod Session for One Person; Valid Sunday?Friday,Anisha,2,8/27/2019,92879,10/31/2019
"This has become my birthday tradition. Facial and spending the day at the spa and on the property sipping drinks by the pool until it?s time to go back to reality. The spa is amazing, great amenities and service and the property is beautiful. ",5,groupon,wellness,Agua Serena Spa,Indian Wells,One 50-Minute Custom Massage and Float Pod Session for One Person; Valid Sunday?Friday,Jenni,3,8/28/2019,92879,10/31/2019
"Beautiful spa, lovely staff, fantastic massage! ",5,groupon,wellness,Agua Serena Spa,Indian Wells,One 50-Minute Custom Massage and Float Pod Session for One Person; Valid Sunday?Friday,Shannon,2,10/2/2019,92879,10/31/2019
"Enjoy my day at the spa, the facility is very nice and you won't be disappointed. My massage & facial was perfect. I will definitely visit it again. Thanks Groupon ",5,groupon,wellness,Agua Serena Spa,Indian Wells,One 50-Minute Custom Massage and Float Pod Session for One Person; Valid Sunday?Friday,Moy,2,5/4/2019,92879,10/31/2019
The spa was amazing!! It looks great and the customer service was impeccable. You can really tell that they work hard to provide a great experience. The massage and facial were both really good and the scenery was very inspirational. I love the architecture and the massage rooms! Will def visit again! ,5,groupon,wellness,Agua Serena Spa,Indian Wells,One 50-Minute Custom Massage and Float Pod Session for One Person; Valid Sunday?Friday,Quinton,1,3/23/2019,92879,10/31/2019
This is a very nice spa. My massage was wonderful. We were not staying here and love that we can use the resort pool for the rest of the day.,5,groupon,wellness,Agua Serena Spa,Indian Wells,One 50-Minute Custom Massage and Float Pod Session for One Person; Valid Sunday?Friday,Barbara,1,3/26/2019,92879,10/31/2019
Great Spa. Amazing massage by Carlos,5,groupon,wellness,Agua Serena Spa,Indian Wells,One 50-Minute Custom Massage and Float Pod Session for One Person; Valid Sunday?Friday,Veronica,4,9/23/2019,92879,10/31/2019
